City_ID,City,Lat,Lng,Max Temp,Humidity,Cloudiness,Wind Speed,Country,Date
0,ponta do sol,32.6667,-17.1,16.35,57,44,4.13,PT,1674157119
1,vila velha,-20.3297,-40.2925,27.97,82,40,5.14,BR,1674157119
2,wukari,7.85,9.7833,27.06,21,40,2.3,NG,1674156967
3,hermanus,-34.4187,19.2345,18.78,88,2,1.51,ZA,1674157119
4,san patricio,28.017,-97.5169,23.97,21,89,4.67,US,1674157120
5,hobart,-42.8794,147.3294,11.92,80,40,4.12,AU,1674157092
6,rikitea,-23.1203,-134.9692,25.32,71,99,0.66,PF,1674157120
7,mahibadhoo,3.7833,72.9667,26.89,70,1,8.62,MV,1674157121
8,clyde river,70.4692,-68.5914,-28.87,76,100,1.54,CA,1674157034
9,albany,42.6001,-73.9662,1.05,90,100,0.89,US,1674156952
10,busselton,-33.65,115.3333,19.45,56,79,6.13,AU,1674157121
11,natal,-5.795,-35.2094,28.36,74,40,6.17,BR,1674157117
12,alice springs,-23.7,133.8833,20.75,64,1,3.6,AU,1674157122
13,port-gentil,-0.7193,8.7815,25.98,89,75,3.6,GA,1674157122
14,lakatoro,-16.0999,167.4164,25.52,90,100,7.07,VU,1674156852
15,bluff,-46.6,168.3333,14.35,70,81,4.89,NZ,1674157122
16,mataura,-46.1927,168.8643,16.28,58,50,1.52,NZ,1674157123
17,tuktoyaktuk,69.4541,-133.0374,-19.0,84,100,7.2,CA,1674157123
18,olafsvik,64.8945,-23.7142,-1.35,74,100,7.34,IS,1674157123
19,jamestown,42.097,-79.2353,6.77,75,100,3.6,US,1674157041
20,sungaipenuh,-2.0833,101.3833,16.94,95,100,1.19,ID,1674157124
21,sinnamary,5.3833,-52.95,25.83,78,79,3.44,GF,1674157124
22,bowen,-20.0167,148.2333,22.5,91,3,3.18,AU,1674157124
23,puerto ayora,-0.7393,-90.3518,28.98,91,68,3.58,EC,1674156831
24,leningradskiy,69.3833,178.4167,-28.37,98,100,5.37,RU,1674157125
25,port alfred,-33.5906,26.891,20.66,95,94,1.34,ZA,1674157125
26,vaini,-21.2,-175.2,29.09,84,40,3.09,TO,1674157125
27,narsaq,60.9167,-46.05,-0.88,96,100,1.58,GL,1674157126
28,quatre cocos,-20.2078,57.7625,25.06,91,100,3.48,MU,1674157126
29,ribeira grande,38.5167,-28.7,15.43,72,75,4.92,PT,1674157126
30,ilulissat,69.2167,-51.1,-37.18,71,0,2.38,GL,1674157127
31,dudinka,69.4058,86.1778,-40.81,99,18,0.49,RU,1674157127
32,kapaa,22.0752,-159.319,23.18,89,100,3.09,US,1674156992
33,pontianak,-0.0333,109.3333,24.99,100,75,1.03,ID,1674157127
34,chandla,25.0833,80.2,10.4,48,10,1.22,IN,1674157128
35,new norfolk,-42.7826,147.0587,11.72,76,11,1.16,AU,1674157128
36,talnakh,69.4865,88.3972,-35.14,86,3,2.13,RU,1674157128
37,luganville,-15.5333,167.1667,24.5,94,100,2.6,VU,1674157096
38,ushuaia,-54.8,-68.3,13.81,58,40,1.03,AR,1674157071
39,jaru,-10.4389,-62.4664,28.2,71,100,1.62,BR,1674157129
40,cabo san lucas,22.8909,-109.9124,22.51,61,75,2.57,MX,1674157043
41,moba,33.2288,105.0179,-3.56,57,100,1.21,CN,1674157130
42,bodden town,19.2833,-81.25,29.0,63,40,6.69,KY,1674157130
43,victoria,22.2855,114.1577,17.92,66,55,4.47,HK,1674157130
44,kruisfontein,-34.0033,24.7314,22.16,90,0,3.23,ZA,1674157131
45,east london,-33.0153,27.9116,24.05,92,100,3.92,ZA,1674156942
46,butaritari,3.0707,172.7902,27.29,79,82,8.69,KI,1674157131
47,tual,-5.6667,132.75,28.4,76,100,7.94,ID,1674157131
48,letlhakane,-21.4167,25.5833,24.0,60,30,2.98,BW,1674157131
49,shimoda,34.6667,138.95,4.5,69,48,5.44,JP,1674157132
50,grindavik,63.8424,-22.4338,-1.74,74,100,6.69,IS,1674157041
51,naze,28.3667,129.4833,9.51,65,5,4.65,JP,1674157132
52,bambous virieux,-20.3428,57.7575,25.14,94,75,3.09,MU,1674157133
53,barrow,71.2906,-156.7887,-21.99,77,100,6.69,US,1674156972
54,maldonado,-34.6667,-54.9167,30.66,33,3,9.0,UY,1674157133
55,boyolangu,-8.1181,111.8935,24.41,88,100,1.23,ID,1674157133
56,yellowknife,62.456,-114.3525,-10.71,92,75,3.09,CA,1674157109
57,laguna,38.421,-121.4238,10.72,88,40,5.66,US,1674157051
58,nikolskoye,59.7035,30.7861,1.94,88,100,2.32,RU,1674157134
59,bredasdorp,-34.5322,20.0403,19.89,80,1,0.96,ZA,1674157134
60,charters towers,-20.1,146.2667,21.51,85,0,2.71,AU,1674157135
61,praya,14.9215,-23.5087,23.3,68,20,10.8,CV,1674157135
62,sao filipe,14.8961,-24.4956,23.67,68,51,6.54,CV,1674157135
63,kangaatsiaq,68.3065,-53.4641,-28.68,83,95,3.04,GL,1674157135
64,avarua,-21.2078,-159.775,27.03,83,40,7.72,CK,1674157060
65,tateyama,34.9833,139.8667,5.61,82,100,4.6,JP,1674157136
66,cape town,-33.9258,18.4232,22.83,67,0,6.17,ZA,1674157070
67,carnarvon,-24.8667,113.6333,23.94,79,0,3.52,AU,1674157136
68,hami,42.8,93.45,-9.0,50,5,1.37,CN,1674157137
69,gold coast,-28.0,153.4333,22.22,94,75,5.66,AU,1674156930
70,isangel,-19.55,169.2667,25.03,76,4,4.06,VU,1674156852
71,lavrentiya,65.5833,-171.0,-30.68,92,28,3.05,RU,1674157137
72,namibe,-15.1961,12.1522,23.33,79,100,4.01,AO,1674157137
73,kristiinankaupunki,62.2743,21.376,0.61,91,100,4.59,FI,1674157138
74,saint-philippe,-21.3585,55.7679,24.77,89,100,4.98,RE,1674157138
75,taguatinga,-12.3857,-46.5711,27.99,66,91,0.69,BR,1674157138
76,katsuura,35.1333,140.3,7.54,89,100,5.23,JP,1674157139
77,broken hill,-31.95,141.4333,14.48,39,1,4.16,AU,1674157139
78,sao joao da barra,-21.6403,-41.0511,28.05,83,71,5.74,BR,1674157139
79,tiarei,-17.5333,-149.3333,29.01,76,5,7.26,PF,1674157140
80,cidreira,-30.1811,-50.2056,24.66,82,74,6.16,BR,1674157140
81,abu dhabi,24.4667,54.3667,19.06,67,20,1.03,AE,1674156527
82,chernyshevskiy,63.0128,112.4714,-38.58,95,100,1.31,RU,1674157140
83,skibbereen,51.55,-9.2667,1.73,84,21,1.36,IE,1674157141
84,sabzevar,36.2126,57.6819,2.56,51,27,2.12,IR,1674157141
85,tabas,33.5959,56.9244,7.12,53,2,1.03,IR,1674157141
86,maltahohe,-24.8333,16.9833,25.09,47,52,5.53,NA,1674157142
87,aquiraz,-3.9014,-38.3911,28.58,74,58,3.21,BR,1674157143
88,saskylakh,71.9167,114.0833,-41.19,100,77,1.94,RU,1674157151
89,cherskiy,68.75,161.3,-37.34,98,100,0.81,RU,1674157151
90,faya,18.3851,42.4509,14.06,76,26,1.49,SA,1674157152
91,santa rosa,14.3122,121.1114,25.99,87,98,6.22,PH,1674157155
92,georgetown,5.4112,100.3354,26.96,81,20,1.54,MY,1674156981
93,eyl,7.9803,49.8164,23.57,75,14,9.99,SO,1674157157
94,thompson,55.7435,-97.8558,-14.91,85,40,1.54,CA,1674157158
95,shache,38.4167,77.2406,-16.21,96,97,1.83,CN,1674157158
96,matamoros,25.5333,-103.25,18.06,14,40,2.06,MX,1674157159
97,codrington,-38.2667,141.9667,14.49,67,100,4.21,AU,1674157160
98,rocha,-34.4833,-54.3333,28.91,38,0,7.94,UY,1674157160
99,ndjole,-0.1783,10.7649,24.09,96,95,1.28,GA,1674157161
100,hilo,19.7297,-155.09,25.34,81,100,3.09,US,1674156894
101,kargopol,61.5071,38.9456,1.67,85,100,6.3,RU,1674157162
102,hingatungan,10.584,125.1852,25.61,88,100,4.48,PH,1674157163
103,abalak,58.1286,68.5944,-12.41,98,89,2.38,RU,1674157163
104,zhaotong,27.3167,103.7167,-4.49,87,40,2.6,CN,1674157164
105,quang ngai,15.1167,108.8,19.35,87,97,3.27,VN,1674157165
106,severo-kurilsk,50.6789,156.125,-7.82,64,100,11.14,RU,1674157139
107,kodiak,57.79,-152.4072,2.73,93,100,5.14,US,1674157165
108,comandau,45.7667,26.2667,5.73,85,100,3.02,RO,1674157166
109,qaanaaq,77.484,-69.3632,-34.29,51,0,3.32,GL,1674157167
110,fortuna,40.5982,-124.1573,9.19,92,0,0.89,US,1674156951
111,ullapool,57.8987,-5.1604,4.64,85,85,3.63,GB,1674157110
112,gat,31.61,34.7642,16.89,13,0,2.3,IL,1674157024
113,collie,-33.3667,116.15,15.82,66,18,4.25,AU,1674157168
114,linxia,35.6003,103.2064,-11.29,82,66,0.83,CN,1674157169
115,mahebourg,-20.4081,57.7,25.16,94,75,3.09,MU,1674157169
116,castro,-24.7911,-50.0119,23.33,80,59,0.9,BR,1674157170
117,newcastle,-32.9272,151.7765,18.17,97,100,3.6,AU,1674156985
118,miri,4.4148,114.0089,23.08,100,40,0.0,MY,1674157170
119,bathsheba,13.2167,-59.5167,28.34,65,40,10.29,BB,1674157171
120,lorengau,-2.0226,147.2712,26.5,83,100,5.02,PG,1674157171
121,sept-iles,50.2001,-66.3821,-1.64,67,75,5.66,CA,1674157171
122,melfi,40.9965,15.6514,5.31,78,100,2.62,IT,1674157172
123,mar del plata,-38.0023,-57.5575,29.35,81,20,10.73,AR,1674157172
124,chicama,-7.8447,-79.1469,23.3,58,100,3.08,PE,1674157172
125,flin flon,54.7682,-101.865,-16.09,78,100,1.54,CA,1674157173
126,yulara,-25.2406,130.9889,24.07,25,100,5.7,AU,1674156950
127,shingu,33.7333,135.9833,3.58,77,2,3.08,JP,1674157173
128,najran,17.4924,44.1277,13.36,47,5,1.54,SA,1674157173
129,punta arenas,-53.15,-70.9167,18.01,59,100,3.18,CL,1674156758
130,norman wells,65.282,-126.8329,-20.98,84,75,1.54,CA,1674157174
131,rio gallegos,-51.6226,-69.2181,27.03,32,20,11.83,AR,1674157174
132,torbay,47.6666,-52.7314,3.65,92,100,8.23,CA,1674156941
133,karaman,37.0833,33.25,5.02,70,48,2.75,TR,1674157174
134,korfovskiy,48.2183,135.0564,-25.3,100,100,0.62,RU,1674157175
135,chihuahua,28.5,-106.0,9.46,15,100,2.52,MX,1674157114
136,spirit river,55.7833,-118.8361,-5.76,66,89,8.21,CA,1674157175
137,manica,49.0,-1.1667,-0.32,92,26,1.45,FR,1674157176
138,kurush,41.2841,47.8345,-7.5,38,0,0.18,RU,1674157176
139,pula,44.8683,13.8481,3.31,87,100,6.17,HR,1674157176
140,vanavara,60.34,102.2797,-40.96,93,52,3.42,RU,1674157176
141,ancud,-41.8697,-73.8203,18.61,68,100,4.11,CL,1674157058
142,praia da vitoria,38.7333,-27.0667,13.75,82,20,2.91,PT,1674157177
143,khatanga,71.9667,102.5,-40.4,94,10,2.4,RU,1674157177
144,soritor,-6.1392,-77.1039,19.78,99,100,0.16,PE,1674157178
145,ewa beach,21.3156,-158.0072,25.97,76,0,2.06,US,1674157123
146,san quintin,30.4833,-115.95,15.48,56,0,5.75,MX,1674157178
147,vao,-22.6667,167.4833,24.16,68,12,5.15,NC,1674157178
148,dubbo,-32.25,148.6167,15.07,82,6,4.12,AU,1674157179
149,bom jesus,-9.0744,-44.3586,23.95,84,100,0.31,BR,1674157179
150,kabinda,-6.1333,24.4833,20.2,89,100,0.43,CD,1674157179
151,zonguldak,41.25,31.8333,8.07,58,100,2.71,TR,1674157180
152,haines junction,60.7522,-137.5108,-11.33,99,98,0.37,CA,1674157180
153,novyy urengoy,66.0833,76.6333,-27.82,96,66,3.52,RU,1674157180
154,paramonga,-10.6667,-77.8333,23.34,70,69,4.32,PE,1674157180
155,tabou,4.423,-7.3528,27.14,80,45,4.06,CI,1674157181
156,srivardhan,18.0333,73.0167,21.07,55,7,1.77,IN,1674157181
157,lebu,-37.6167,-73.65,17.83,73,62,3.62,CL,1674157181
158,santa isabel,-23.3156,-46.2214,25.42,84,48,2.49,BR,1674157182
159,dikson,73.5069,80.5464,-33.77,95,8,1.89,RU,1674157182
160,rezekne,56.5,27.3167,-0.19,94,100,2.74,LV,1674157182
161,atasu,48.6814,71.6433,-20.0,74,4,2.58,KZ,1674157183
162,kloulklubed,7.0419,134.2556,24.28,77,77,8.21,PW,1674157183
163,bandarbeyla,9.4942,50.8122,24.52,72,35,10.44,SO,1674157183
164,burgos,42.3394,-3.7079,3.23,93,100,7.2,ES,1674157184
165,pundaguitan,6.3711,126.1689,26.74,81,96,5.96,PH,1674157184
166,cap malheureux,-19.9842,57.6142,25.26,89,100,2.24,MU,1674157184
167,dhana,23.75,78.85,11.62,33,21,2.4,IN,1674157185
168,kalmunai,7.4167,81.8167,25.24,58,86,5.7,LK,1674157185
169,bonthe,7.5264,-12.505,25.89,76,70,4.22,SL,1674157185
170,xudat,41.631,48.681,5.06,87,73,3.56,AZ,1674157186
171,chokurdakh,70.6333,147.9167,-36.19,99,50,2.8,RU,1674157186
172,flinders,-34.5833,150.8552,17.88,84,98,1.79,AU,1674157186
173,curup,-3.4667,102.5333,19.16,97,100,0.22,ID,1674157187
174,bubaque,11.2833,-15.8333,25.95,68,23,5.84,GW,1674157187
175,henderson,36.0397,-114.9819,11.29,41,0,7.2,US,1674156890
176,asau,46.4333,26.4,9.6,72,95,2.24,RO,1674157187
177,chardara,41.2547,67.9692,-7.84,85,100,1.39,KZ,1674157188
178,terme,41.2092,36.9739,6.96,60,41,1.57,TR,1674157188
179,biak,-0.9131,122.8766,24.49,81,91,1.55,ID,1674157188
180,ducos,14.5753,-60.9745,26.64,65,75,8.23,MQ,1674157189
181,provideniya,64.3833,-173.3,-30.41,93,16,2.4,RU,1674157189
182,shuyskoye,59.3736,41.0305,0.54,96,100,5.03,RU,1674157189
183,kamenka,51.3223,42.7678,-4.02,77,98,7.07,RU,1674157189
184,launceston,-41.45,147.1667,11.45,77,19,3.09,AU,1674157190
185,saint george,37.1041,-113.5841,5.24,57,75,0.89,US,1674157125
186,southampton,50.904,-1.4043,1.88,88,0,0.0,GB,1674157190
187,goundam,16.4145,-3.6708,24.24,12,0,3.71,ML,1674157191
188,todos santos,23.45,-110.2167,22.25,77,100,3.64,MX,1674157191
189,tabory,58.5198,64.5495,-10.25,86,35,3.2,RU,1674157191
190,esso,55.9333,158.7,-27.76,97,74,2.29,RU,1674157192
191,neiafu,-18.65,-173.9833,28.38,83,40,4.12,TO,1674157192
192,baza,37.4907,-2.7726,5.32,65,79,8.17,ES,1674157192
193,tiksi,71.6872,128.8694,-33.66,100,81,1.34,RU,1674157193
194,ust-ilimsk,58.0006,102.6619,-38.94,99,91,1.21,RU,1674157193
195,airai,-8.9266,125.4092,15.46,94,96,0.85,TL,1674156949
196,abu samrah,35.3029,37.1841,10.67,72,0,3.01,SY,1674157193
197,ballina,-28.8667,153.5667,20.56,99,100,3.8,AU,1674157193
198,kabare,-2.4683,28.8242,16.19,92,95,0.31,CD,1674157194
199,souillac,-20.5167,57.5167,25.21,94,75,3.09,MU,1674156953
200,onega,63.9061,38.1404,1.56,83,100,8.72,RU,1674157194
201,drumheller,51.4617,-112.7101,0.59,93,35,0.51,CA,1674156901
202,la brea,15.8,-85.9667,29.73,66,20,1.03,HN,1674157195
203,half moon bay,37.4636,-122.4286,12.15,74,0,5.66,US,1674157195
204,tsumeb,-19.2333,17.7167,21.27,77,91,2.26,NA,1674157195
205,zhoucheng,35.9122,116.3117,-3.29,30,0,2.78,CN,1674157195
206,tautira,-17.7333,-149.15,26.82,76,6,7.2,PF,1674157196
207,esperance,-33.8667,121.9,14.76,84,0,5.09,AU,1674157196
208,bocas del toro,9.3333,-82.25,26.72,70,94,2.89,PA,1674157196
209,kayseri,38.737,35.4968,1.01,75,0,1.54,TR,1674157197
210,caravelas,-17.7125,-39.2481,26.82,72,96,3.49,BR,1674157135
211,talas,38.6908,35.5538,0.37,75,0,1.54,TR,1674157197
212,fort-shevchenko,44.5086,50.263,0.07,65,0,4.84,KZ,1674157197
213,khandyga,62.6667,135.6,-53.5,100,76,0.64,RU,1674157198
214,pangnirtung,66.1451,-65.7125,-29.0,69,40,2.06,CA,1674157198
215,guiberoua,6.2392,-6.1727,26.76,38,6,0.6,CI,1674157198
216,beyneu,45.3167,55.2,-4.66,56,0,3.82,KZ,1674157199
217,huarmey,-10.0681,-78.1522,23.78,69,69,4.42,PE,1674157199
218,tatawin,32.9297,10.4518,9.04,34,0,8.09,TN,1674157199
219,lata,40.1629,-8.3327,12.82,94,100,5.07,PT,1674157200
220,chiredzi,-21.05,31.6667,24.52,62,54,1.82,ZW,1674157200
221,hasaki,35.7333,140.8333,5.68,90,100,6.19,JP,1674157200
222,hithadhoo,-0.6,73.0833,27.01,79,93,5.61,MV,1674156953
223,ternate,0.8,127.4,26.39,82,100,2.77,ID,1674157201
224,port elizabeth,-33.918,25.5701,23.39,90,75,6.17,ZA,1674157142
225,arraial do cabo,-22.9661,-42.0278,28.98,74,20,10.29,BR,1674157201
226,atuona,-9.8,-139.0333,26.0,77,21,8.52,PF,1674157201
227,mount isa,-20.7333,139.5,26.87,57,100,1.54,AU,1674157202
228,vardo,70.3705,31.1107,-1.01,80,75,4.12,NO,1674157202
229,faanui,-16.4833,-151.75,27.3,73,8,8.31,PF,1674157202
230,ostrovnoy,68.0531,39.5131,1.32,89,74,10.91,RU,1674157203
231,lasa,46.6166,10.7002,-2.51,93,97,0.88,IT,1674157203
232,helong,42.5397,128.9972,-8.99,90,100,2.34,CN,1674157203
233,merauke,-8.4667,140.3333,26.21,83,100,7.7,ID,1674157203
234,atar,20.5169,-13.0499,20.52,35,0,4.11,MR,1674157204
235,tafresh,34.692,50.013,-1.11,61,0,0.47,IR,1674157204
236,beringovskiy,63.05,179.3167,-28.64,93,100,4.06,RU,1674157204
237,sibolga,1.7427,98.7792,23.12,91,100,1.52,ID,1674157205
238,charleston,32.7766,-79.9309,24.09,69,75,9.77,US,1674156948
239,constitucion,-35.3333,-72.4167,18.3,70,61,3.76,CL,1674157205
240,moroni,-11.7022,43.2551,26.4,79,100,2.98,KM,1674157205
241,gari,59.4307,62.3497,-11.89,89,67,3.0,RU,1674157206
242,byron bay,-28.65,153.6167,20.52,94,100,2.61,AU,1674157150
243,jacareacanga,-6.2222,-57.7528,22.49,95,100,1.31,BR,1674157206
244,visnagar,23.7,72.55,14.8,33,40,2.06,IN,1674157207
245,novoutkinsk,56.993,59.5571,-16.0,90,6,1.56,RU,1674157207
246,barra do bugres,-15.0725,-57.1811,30.58,54,64,0.33,BR,1674157207
247,guerrero negro,27.9769,-114.0611,17.78,40,0,3.94,MX,1674157136
248,bairnsdale,-37.8333,147.6167,9.47,94,2,1.17,AU,1674157208
249,kushima,31.4583,131.2333,5.54,81,6,3.28,JP,1674157098
250,ardakan,32.31,54.0175,0.87,75,1,1.62,IR,1674157208
251,hay river,60.8156,-115.7999,-5.01,74,20,5.14,CA,1674157208
252,tiznit,29.5833,-9.5,14.08,47,0,1.23,MA,1674157209
253,manokwari,-0.8667,134.0833,25.31,80,100,2.64,ID,1674157137
254,karratha,-20.7377,116.8463,27.44,73,100,1.6,AU,1674157209
255,chuy,-33.6971,-53.4616,25.82,55,88,6.23,UY,1674157209
256,tasiilaq,65.6145,-37.6368,-12.91,96,100,0.65,GL,1674157210
257,kulhudhuffushi,6.6221,73.07,26.29,71,4,5.42,MV,1674157210
258,saint-pierre,-21.3393,55.4781,24.82,94,100,6.17,RE,1674157210
259,abnub,27.2696,31.1511,15.12,27,0,2.68,EG,1674157210
260,maceio,-9.6658,-35.7353,28.69,74,75,6.69,BR,1674157211
261,paamiut,61.994,-49.6678,-7.68,75,100,10.01,GL,1674157211
262,tanggu,39.0211,117.6469,-5.02,27,0,6.9,CN,1674157211
263,temyasovo,52.9933,58.1014,-12.34,55,3,0.64,RU,1674157213
264,pine bluff,34.2284,-92.0032,12.96,47,0,5.66,US,1674157214
265,coahuayana,18.7333,-103.6833,28.61,52,45,3.53,MX,1674157215
266,manono,-7.3,27.4167,20.59,91,93,1.3,CD,1674157118
267,wewak,-3.5534,143.6268,25.09,87,100,2.06,PG,1674157216
268,santiago,-33.4569,-70.6483,29.19,42,0,6.69,CL,1674156837
269,pevek,69.7008,170.3133,-28.55,94,100,7.35,RU,1674157217
270,valdosta,30.8327,-83.2785,24.96,76,75,5.66,US,1674157218
271,alenquer,-1.9417,-54.7383,28.77,60,29,2.66,BR,1674157171
272,tura,25.5198,90.2201,11.64,65,0,1.49,IN,1674157219
273,tower,51.9167,-8.6,2.47,93,20,3.09,IE,1674157219
274,lagoa,39.05,-27.9833,13.94,74,45,5.44,PT,1674157219
275,benghazi,32.1167,20.0667,16.5,44,0,7.16,LY,1674157220
276,banjar,-8.19,114.9675,24.77,90,100,2.17,ID,1674157220
277,waddan,29.1614,16.139,14.63,28,0,9.14,LY,1674157220
278,vestmanna,62.1564,-7.1664,-0.49,74,100,7.72,FO,1674157221
279,kudahuvadhoo,2.6708,72.8944,27.43,71,19,7.07,MV,1674157221
280,luis correia,-2.8792,-41.6669,26.69,81,51,2.49,BR,1674157221
281,zhezkazgan,47.8043,67.7144,-16.76,67,62,3.62,KZ,1674157222
282,jamame,0.0722,42.7506,24.55,80,72,5.84,SO,1674157222
283,ios,36.7333,25.2833,16.95,57,7,6.26,GR,1674157222
284,batagay,67.6333,134.6333,-48.8,99,83,0.42,RU,1674157223
285,caucaia,-3.7361,-38.6531,28.5,77,75,1.03,BR,1674156925
286,awjilah,29.1081,21.2869,15.8,23,0,4.79,LY,1674157223
287,iqaluit,63.7506,-68.5145,-24.06,76,100,0.0,CA,1674157223
288,palmer,42.1584,-72.3287,4.02,83,100,0.0,US,1674157224
289,upernavik,72.7868,-56.1549,-24.86,96,100,3.74,GL,1674157224
290,shilka,51.85,116.0333,-29.13,97,100,0.59,RU,1674157225
291,nanortalik,60.1432,-45.2371,-2.02,96,100,2.78,GL,1674157225
292,savannakhet,16.566,104.751,14.64,83,20,4.16,LA,1674157225
293,banda aceh,5.5577,95.3222,24.74,82,100,3.78,ID,1674157226
294,saldanha,-33.0117,17.9442,20.03,92,0,5.2,ZA,1674157226
295,kamiiso,41.8167,140.65,-1.87,94,48,3.27,JP,1674157227
296,waipawa,-41.4122,175.5153,17.84,73,2,2.06,NZ,1674157227
297,odweyne,9.4092,45.064,18.31,42,7,7.2,SO,1674157227
298,sitka,57.0531,-135.33,4.94,81,100,7.72,US,1674157228
299,biltine,14.5333,20.9167,24.17,17,6,2.94,TD,1674157228
300,arcata,40.8665,-124.0828,9.34,86,0,2.57,US,1674157228
301,tucupita,9.0622,-62.051,25.25,82,78,2.83,VE,1674157229
302,komsomolskiy,40.4272,71.7189,-5.6,79,3,1.03,UZ,1674157229
303,nemuro,43.3236,145.575,-3.54,92,100,7.66,JP,1674157229
304,westport,41.1415,-73.3579,5.05,89,100,4.12,US,1674157048
305,bengkulu,-3.8004,102.2655,22.39,95,100,1.44,ID,1674157230
306,toma,12.7667,-2.8833,24.95,12,8,4.16,BF,1674157230
307,narsipatnam,17.6667,82.6167,19.03,92,5,1.09,IN,1674157230
308,bethel,41.3712,-73.414,3.64,85,100,1.84,US,1674157231
309,tupik,54.4253,119.9327,-46.15,100,80,0.51,RU,1674157231
310,karachev,53.1229,34.9852,4.74,89,100,6.87,RU,1674157232
311,plouzane,48.3833,-4.6167,4.03,93,20,4.12,FR,1674157232
312,zwolle,52.5126,6.0936,2.18,88,24,1.34,NL,1674157232
313,kosonsoy,41.2561,71.5508,-9.69,62,0,3.35,UZ,1674157233
314,poykovskiy,61.2333,73.3333,-17.84,78,40,0.0,RU,1674157233
315,cheremukhovo,60.3484,59.9851,-15.8,95,100,1.74,RU,1674157233
316,ust-kuyga,70.0167,135.6,-38.7,98,67,2.25,RU,1674157233
317,kahului,20.8947,-156.47,26.02,76,20,4.02,US,1674157216
318,aldan,58.6031,125.3894,-47.28,98,100,1.91,RU,1674157234
319,geraldton,-28.7667,114.6,22.23,83,0,3.09,AU,1674157173
320,portland,45.5234,-122.6762,5.99,93,100,2.06,US,1674156615
321,cockburn town,21.4612,-71.1419,24.76,72,19,7.74,TC,1674157234
322,chimbarongo,-34.7,-71.05,25.96,24,0,7.16,CL,1674157235
323,sirsa,29.5333,75.0167,11.32,81,100,4.88,IN,1674157235
324,buchanan,5.8808,-10.0467,26.47,87,54,3.44,LR,1674157235
325,pavilosta,56.8879,21.1859,-0.05,89,17,3.43,LV,1674157236
326,adrar,20.5022,-10.0711,19.59,32,34,3.76,MR,1674157236
327,itarema,-2.9248,-39.9167,27.62,69,83,5.11,BR,1674157236
328,ola,59.5833,151.2833,-29.49,84,34,5.34,RU,1674157237
329,la ronge,55.1001,-105.2842,-6.86,86,100,4.12,CA,1674157237
330,awbari,26.5921,12.7805,12.59,31,0,6.08,LY,1674157237
331,kaitangata,-46.2817,169.8464,16.4,78,76,1.36,NZ,1674157237
332,rawson,-43.3002,-65.1023,33.67,27,38,5.76,AR,1674157199
333,port augusta,-32.5,137.7667,15.57,54,10,3.24,AU,1674157238
334,kuah,6.3265,99.8432,26.99,74,20,1.54,MY,1674157238
335,horta,38.5333,-28.6333,15.01,75,75,4.92,PT,1674157238
336,yurimaguas,-5.9,-76.0833,24.09,94,100,1.54,PE,1674157239
337,ust-kut,56.7938,105.7672,-29.75,99,100,0.97,RU,1674157239
338,henties bay,-22.116,14.2845,18.87,86,86,3.31,NA,1674157239
339,port macquarie,-31.4333,152.9167,18.27,79,100,4.87,AU,1674157240
340,hamilton,39.1834,-84.5333,17.54,44,0,8.23,US,1674156961
341,touros,-5.1989,-35.4608,27.59,71,29,5.85,BR,1674157240
342,mana,5.6592,-53.7767,25.59,77,42,3.21,GF,1674157240
343,luwuk,-0.9516,122.7875,25.21,80,94,1.42,ID,1674157005
344,fairbanks,64.8378,-147.7164,-21.02,81,75,2.06,US,1674157202
345,valparaiso,-33.0393,-71.6273,19.15,92,75,3.6,CL,1674157241
346,chifeng,42.2683,118.9636,-16.96,38,0,4.17,CN,1674157241
347,meadow lake,34.8014,-106.5436,6.35,43,93,1.92,US,1674157242
348,lompoc,34.6391,-120.4579,12.14,93,100,3.6,US,1674157242
349,nelson bay,-32.7167,152.15,18.33,97,93,2.68,AU,1674157242
350,ozu,33.5,132.55,6.77,70,94,3.55,JP,1674157243
351,vlasotince,42.9636,22.1231,8.47,82,100,1.91,RS,1674157243
352,plettenberg bay,-34.0527,23.3716,19.65,90,18,1.05,ZA,1674157070
353,labuhan,-6.8844,112.2051,24.67,88,100,2.97,ID,1674157243
354,barahona,18.2085,-71.1008,29.9,48,20,8.23,DO,1674157244
355,vizinga,61.0749,50.1031,-5.09,88,100,4.94,RU,1674157244
356,puerto escondido,15.85,-97.0667,29.46,61,40,4.63,MX,1674157069
357,siena,43.2167,11.4,2.74,94,91,1.46,IT,1674157244
358,pemangkat,1.1667,108.9667,24.89,90,100,2.1,ID,1674157244
359,shelburne,44.0787,-80.2041,-0.56,98,100,7.39,CA,1674157245
360,hovd,48.0056,91.6419,-15.57,66,8,1.07,MN,1674157245
361,biloela,-24.4167,150.5,20.51,82,2,1.36,AU,1674157245
362,erdenet,49.0333,104.0833,-23.67,86,100,1.57,MN,1674157246
363,plyussa,58.4308,29.3654,-2.81,97,100,0.26,RU,1674156960
364,camopi,3.1655,-52.3158,25.3,93,48,1.42,GF,1674157246
365,glinka,54.6404,32.8781,3.44,97,100,6.2,RU,1674157246
366,ilorin,8.5,4.55,29.2,30,0,2.57,NG,1674157247
367,satipo,-11.2522,-74.6386,21.16,99,100,0.45,PE,1674157247
368,cao bang,22.6667,106.25,11.52,56,92,0.58,VN,1674157247
369,ishikawa,26.4233,127.8214,15.98,81,75,4.0,JP,1674157248
370,kralendijk,12.15,-68.2667,28.99,61,40,8.75,BQ,1674157248
371,longyearbyen,78.2186,15.6401,-1.09,74,75,5.14,SJ,1674157248
372,turtas,58.9417,69.1325,-10.52,97,96,2.09,RU,1674157249
373,inongo,-1.95,18.2667,24.56,79,27,0.64,CD,1674157249
374,svetlyy,54.675,20.1347,0.03,91,100,2.17,RU,1674157249
375,nizhniy tsasuchey,50.5167,115.1333,-25.83,92,100,0.67,RU,1674157250
376,soyo,-6.1349,12.3689,25.08,92,100,4.76,AO,1674157250
377,turcinesti,45.1,23.3333,7.4,92,100,1.21,RO,1674157250
378,kachiry,53.0675,76.1036,-17.03,92,63,3.34,KZ,1674157251
379,lixourion,38.2019,20.4314,14.95,79,100,8.16,GR,1674157251
380,sao felix do xingu,-6.6447,-51.995,24.24,97,88,1.17,BR,1674157252
381,vila franca do campo,37.7167,-25.4333,13.23,77,77,1.72,PT,1674157252
382,tsabong,-26.0217,22.401,29.51,31,98,3.64,BW,1674157252
383,horodnytsya,50.807,27.3168,7.31,93,100,2.74,UA,1674157252
384,cananeia,-25.0147,-47.9267,26.05,83,23,3.33,BR,1674157253
385,inhumas,-16.3578,-49.4961,28.85,79,25,0.49,BR,1674157253
386,port shepstone,-30.7414,30.455,25.21,70,100,3.6,ZA,1674157254
387,luderitz,-26.6481,15.1594,19.55,77,2,8.5,NA,1674157254
388,grand gaube,-20.0064,57.6608,25.22,89,100,2.24,MU,1674157254
389,saint-leu,-21.15,55.2833,24.48,84,100,3.4,RE,1674157254
390,xichang,27.8964,102.2634,2.1,69,0,1.46,CN,1674157255
391,morgan city,29.6994,-91.2068,23.89,33,18,3.97,US,1674157255
392,oron,4.8256,8.2343,27.34,79,24,2.28,NG,1674157255
393,senanga,-16.1167,23.2667,20.77,92,100,1.78,ZM,1674157256
394,melilla,35.2937,-2.9383,14.21,47,0,8.23,ES,1674157256
395,muros,42.7762,-9.0603,13.38,94,100,9.36,ES,1674157256
396,svetlogorsk,52.6333,29.7333,6.77,93,100,5.39,BY,1674157257
397,shakawe,-18.3667,21.85,20.71,91,100,4.26,BW,1674157257
398,nouakchott,18.0858,-15.9785,21.96,70,1,6.99,MR,1674156974
399,keti bandar,24.1447,67.4497,14.66,50,9,9.09,PK,1674157257
400,carupano,10.6678,-63.2585,26.74,72,23,6.05,VE,1674157258
401,varhaug,58.6147,5.6457,-0.06,82,5,2.75,NO,1674157258
402,samarai,-10.6167,150.6667,26.79,78,100,2.8,PG,1674157259
403,hambantota,6.1241,81.1185,23.16,64,13,7.55,LK,1674157259
404,chernenko,44.365,39.3103,8.29,68,21,1.07,RU,1674157259
405,carutapera,-1.195,-46.02,24.33,93,99,1.82,BR,1674157259
406,tilichiki,60.4667,166.1,-31.56,91,14,4.13,RU,1674157260
407,margate,51.3813,1.3862,3.16,77,8,2.68,GB,1674156853
408,gaoua,10.2992,-3.2508,28.19,14,8,1.22,BF,1674157260
409,inverell,-29.7833,151.1167,20.37,81,48,0.45,AU,1674157260
410,oranjestad,12.524,-70.027,28.97,65,20,9.26,AW,1674157261
411,dolores,-36.3132,-57.6792,29.83,36,0,7.94,AR,1674157261
412,asyut,27.181,31.1837,15.1,28,0,2.84,EG,1674157261
413,gornopravdinsk,60.05,69.9,-8.01,98,100,0.88,RU,1674157262
414,pisco,-13.7,-76.2167,26.03,61,0,8.23,PE,1674157262
415,burgeo,47.6167,-57.6152,2.17,95,100,2.49,CA,1674157263
416,saint-joseph,-21.3667,55.6167,24.21,86,100,3.9,RE,1674157263
417,husavik,66.0449,-17.3389,-9.59,89,100,5.05,IS,1674157264
418,nantucket,41.2835,-70.0995,6.08,70,100,0.0,US,1674157189
419,bilma,18.6853,12.9164,19.93,15,25,3.77,NE,1674157265
420,qingyuan,23.7,113.0333,10.99,83,0,2.46,CN,1674157265
421,port hawkesbury,45.6169,-61.3485,1.06,94,100,9.77,CA,1674157266
422,orlik,52.5178,99.825,-21.17,96,100,1.24,RU,1674157266
423,blagoyevo,63.3667,47.9167,-1.07,92,100,5.66,RU,1674157267
424,sao jose da coroa grande,-8.8978,-35.1478,26.74,74,100,3.28,BR,1674157268
425,trairi,-3.2778,-39.2689,27.4,71,99,4.19,BR,1674157027
426,karlshamn,56.1706,14.8619,3.27,82,98,5.71,SE,1674157268
427,mayo,38.8876,-76.5119,8.7,88,100,1.54,US,1674157269
428,ughelli,5.4899,6.0074,26.68,74,100,2.87,NG,1674157269
429,oparino,59.8518,48.2783,-5.6,92,100,5.41,RU,1674157270
430,tuatapere,-46.1333,167.6833,15.3,66,100,2.98,NZ,1674157271
431,xai-xai,-25.0519,33.6442,25.86,79,13,6.11,MZ,1674157271
432,andros town,24.7,-77.7667,26.98,57,1,5.61,BS,1674157272
433,port washington,40.8257,-73.6982,5.48,86,100,3.6,US,1674157272
434,umea,63.8284,20.2597,-0.04,93,100,1.03,SE,1674157104
435,palauig,15.435,119.9045,24.85,71,23,2.04,PH,1674157273
436,semey,50.4111,80.2275,-14.0,96,99,1.7,KZ,1674157063
437,parambu,-6.2111,-40.6944,23.84,82,100,0.85,BR,1674157273
438,iskateley,67.6803,53.1512,-3.93,89,100,8.98,RU,1674157274
439,igarka,67.4667,86.5833,-38.71,93,11,1.34,RU,1674157274
440,progreso,21.2833,-89.6667,32.84,60,10,3.38,MX,1674157275
441,narasannapeta,18.4167,84.05,22.15,82,57,1.38,IN,1674157275
442,nerchinskiy zavod,51.3088,119.61,-44.32,100,59,0.85,RU,1674157275
443,lanxi,29.2195,119.477,5.71,78,8,1.41,CN,1674157276
444,sawakin,19.1059,37.3321,24.03,78,89,2.25,SD,1674157276
445,menongue,-14.6585,17.691,18.08,88,98,1.06,AO,1674157277
446,honiara,-9.4333,159.95,26.42,84,100,1.9,SB,1674157277
447,padang,-0.9492,100.3543,24.14,86,99,1.73,ID,1674157277
448,north bend,43.4065,-124.2243,8.37,93,20,2.57,US,1674157158
449,tolaga bay,-38.3667,178.3,20.05,83,72,0.89,NZ,1674157278
450,lamar,33.6668,-95.5836,13.32,40,0,6.17,US,1674157278
451,kismayo,-0.3582,42.5454,25.08,82,86,7.52,SO,1674157279
452,nyagan,62.1406,65.3936,-4.86,97,100,1.26,RU,1674157279
453,jaumave,23.4167,-99.3833,26.19,37,55,2.76,MX,1674157280
454,liwale,-9.7667,37.9333,21.16,94,100,1.71,TZ,1674157280
455,sandwick,60.0,-1.25,2.9,81,20,6.69,GB,1674157281
456,iquitos,-3.7481,-73.2472,27.02,89,75,2.06,PE,1674157281
457,xinzhou,38.4092,112.7333,-12.99,66,0,0.81,CN,1674157282
458,saint-donat-de-montcalm,46.3187,-74.2219,-2.08,83,100,2.24,CA,1674157282
459,koster,-25.863,26.8976,18.58,60,6,1.54,ZA,1674157283
460,poronaysk,49.2167,143.1167,-17.48,96,100,2.55,RU,1674157283
461,kuala pilah,2.7389,102.2487,22.12,98,100,1.08,MY,1674157283
462,svolvaer,68.2342,14.5683,3.1,60,75,9.26,NO,1674157284
463,guaratinga,-16.5667,-39.5667,24.97,87,65,2.53,BR,1674157126
464,ati,13.2154,18.3353,24.58,18,5,3.89,TD,1674157284
465,rosetta,31.4044,30.4164,15.75,79,0,5.91,EG,1674157284
466,phan thiet,10.9333,108.1,22.62,86,76,1.48,VN,1674157285
467,noumea,-22.2763,166.4572,21.99,72,61,3.97,NC,1674156841
468,bristol,41.8334,-71.1662,5.81,77,100,0.89,US,1674157006
469,rorvik,64.8621,11.2373,3.06,87,40,7.72,NO,1674157285
470,san andres,12.5847,-81.7006,30.01,66,20,4.12,CO,1674157286
471,gayny,60.3071,54.3241,-9.94,89,100,2.87,RU,1674157286
472,pustoshka,56.3355,29.369,-0.16,98,100,3.03,RU,1674157286
473,whitehorse,60.7161,-135.0538,-4.57,80,75,9.26,CA,1674157287
474,ahipara,-35.1667,173.1667,19.8,72,3,3.37,NZ,1674157288
475,mezen,65.8522,44.24,1.13,91,100,7.59,RU,1674157288
476,xining,36.6167,101.7667,-13.81,60,94,0.79,CN,1674157288
477,puerto padre,21.195,-76.6028,28.18,46,2,5.32,CU,1674157289
478,russell,32.3502,-85.1999,23.56,43,0,3.6,US,1674157289
479,hvide sande,56.0045,8.1294,0.61,71,100,1.28,DK,1674157289
480,inta,66.0317,60.1659,-5.27,92,100,2.97,RU,1674157289
481,dong hoi,17.4833,106.6,16.75,91,100,3.64,VN,1674157290
482,kavaratti,10.5669,72.642,26.82,68,6,3.47,IN,1674157290
483,pecanha,-18.5486,-42.5569,23.06,82,61,1.66,BR,1674157290
484,alofi,-19.0595,-169.9187,26.94,83,85,5.14,NU,1674157291
485,muroto,33.2833,134.15,9.28,65,9,3.86,JP,1674157291
486,sisimiut,66.9395,-53.6735,-21.92,84,8,4.63,GL,1674157291
487,port hardy,50.6996,-127.4199,3.1,100,100,1.54,CA,1674157292
488,saquena,-4.6667,-73.5167,22.76,98,100,0.14,PE,1674157292
489,ormara,25.2088,64.6357,17.78,63,100,7.14,PK,1674157292
490,dennery,13.8996,-60.8879,28.07,74,40,7.72,LC,1674157292
491,mengen,48.0495,9.3301,-1.31,95,64,0.61,DE,1674157293
492,waitati,-45.75,170.5667,18.22,80,4,1.05,NZ,1674157293
493,pinega,64.7001,43.3936,1.11,93,100,7.38,RU,1674157294
494,ust-omchug,61.15,149.6333,-39.5,99,67,2.33,RU,1674157294
495,nouadhibou,20.931,-17.0347,18.99,63,0,8.75,MR,1674157294
496,ponta delgada,37.7333,-25.6667,13.4,71,75,2.57,PT,1674157294
497,bam,29.106,58.357,6.9,63,7,2.28,IR,1674157295
498,finschhafen,-6.6024,147.8681,27.03,82,100,5.4,PG,1674157295
499,san felipe,10.3399,-68.7425,28.02,55,54,4.32,VE,1674157295
500,bhatkal,13.9667,74.5667,23.09,39,36,2.37,IN,1674157296
501,puerto colombia,10.9878,-74.9547,31.05,75,100,7.95,CO,1674157296
502,rabo de peixe,37.8,-25.5833,12.73,71,75,2.57,PT,1674157296
503,los llanos de aridane,28.6585,-17.9182,15.86,80,75,6.69,ES,1674157297
504,andenes,69.3143,16.1194,1.07,75,75,7.72,NO,1674157297
505,taoudenni,22.6783,-3.9836,20.86,21,9,4.59,ML,1674157297
506,gazojak,41.1875,61.4036,-6.44,66,13,1.32,TM,1674157298
507,arcachon,44.5875,-1.0519,2.45,93,78,6.28,FR,1674157298
508,egvekinot,66.3167,-179.1667,-33.12,86,78,4.1,RU,1674157298
509,urucara,-2.5364,-57.76,27.34,83,40,0.75,BR,1674157299
510,kenai,60.5544,-151.2583,-2.14,88,75,7.72,US,1674157299
511,okhotsk,59.3833,143.3,-23.49,78,100,6.02,RU,1674157299
512,micheweni,-4.9667,39.8333,26.76,79,100,4.0,TZ,1674157300
513,port blair,11.6667,92.75,25.02,78,75,1.03,IN,1674157300
514,maningrida,-12.0667,134.2667,23.92,92,100,2.86,AU,1674157300
515,kreminna,49.0495,38.2179,2.32,80,52,5.32,UA,1674157301
516,dingle,10.9995,122.6711,23.38,95,78,3.43,PH,1674157301
517,alyangula,-13.8483,136.4192,27.82,76,100,4.02,AU,1674157301
518,oistins,13.0667,-59.5333,28.05,65,40,10.29,BB,1674157260
519,shahe,39.2708,113.5478,-16.55,76,0,2.88,CN,1674157302
520,baykit,61.67,96.37,-41.13,98,100,1.96,RU,1674157302
521,klaksvik,62.2266,-6.589,0.51,65,100,9.66,FO,1674157302
522,pochutla,15.7432,-96.4661,29.34,55,86,2.94,MX,1674157043
523,opuwo,-18.0607,13.84,21.21,77,97,3.3,NA,1674157303
524,kununurra,-15.7667,128.7333,24.99,88,100,3.09,AU,1674157303
525,aykhal,66.0,111.5,-36.57,96,100,4.19,RU,1674157304
526,enumclaw,47.2043,-121.9915,5.02,92,100,1.34,US,1674157281
527,vestmannaeyjar,63.4427,-20.2734,2.68,66,100,10.23,IS,1674157298
528,chunskiy,56.0815,99.6342,-21.4,99,100,1.0,RU,1674157304
529,port keats,-14.25,129.55,26.69,79,100,2.38,AU,1674157304
530,yumen,40.2833,97.2,-12.31,63,0,8.09,CN,1674157305
531,erenhot,43.6475,111.9767,-18.41,74,0,4.9,CN,1674157305
532,verkhoyansk,67.5447,133.385,-46.25,100,98,0.79,RU,1674157305
533,dzerzhinskoye,56.8344,95.2283,-21.81,97,100,2.34,RU,1674157306
534,skelleftea,64.7507,20.9528,-0.8,100,75,2.06,SE,1674157306
535,itoman,26.1247,127.6694,16.01,63,75,4.12,JP,1674157306
536,paita,-5.0892,-81.1144,24.24,65,57,6.12,PE,1674157307
537,nome,64.5011,-165.4064,-27.96,83,0,0.0,US,1674157307
538,pacific grove,36.6177,-121.9166,12.72,73,40,7.6,US,1674157307
539,cha grande,-8.2383,-35.4617,23.43,80,100,4.04,BR,1674157308
540,emerald,-23.5333,148.1667,20.75,89,8,2.38,AU,1674157308
541,sola,-13.8833,167.55,26.61,78,100,6.55,VU,1674157308
542,necochea,-38.5473,-58.7368,28.46,50,52,10.52,AR,1674157308
543,campbell river,50.0163,-125.2446,3.74,100,100,0.0,CA,1674157255
544,bud,39.447,-86.1758,12.45,87,69,10.64,US,1674157309
545,marrakesh,31.6315,-8.0083,15.04,41,0,3.09,MA,1674157186
546,broome,42.2506,-75.833,3.72,90,100,7.2,US,1674157309
547,ikalamavony,-21.15,46.5833,20.71,89,100,5.5,MG,1674157309
548,teya,60.3778,92.6267,-27.82,97,100,2.61,RU,1674157310
549,hearst,49.6835,-83.6665,-12.86,93,100,3.95,CA,1674157310
550,beloha,-25.1667,45.05,23.7,72,100,7.78,MG,1674157310
551,vostok,46.4856,135.8833,-18.92,99,100,0.92,RU,1674157311
552,pocone,-16.2567,-56.6228,31.61,47,88,3.69,BR,1674157311
553,bontang,0.1333,117.5,24.47,89,100,1.76,ID,1674157311
554,nago,26.5881,127.9761,13.47,69,6,4.98,JP,1674157312
555,deputatskiy,69.3,139.9,-34.26,96,14,2.33,RU,1674157312
556,tazovskiy,67.4667,78.7,-31.22,94,26,3.86,RU,1674157312
557,bela,25.9333,81.9833,9.63,54,2,1.07,IN,1674157313
558,bosanska dubica,45.1767,16.8094,2.06,95,100,1.47,BA,1674157313
559,college,64.8569,-147.8028,-21.03,80,75,2.06,US,1674157313
560,bindki,26.0333,80.6,9.85,56,3,1.49,IN,1674157313
561,avera,33.194,-82.5271,21.97,75,100,7.32,US,1674157314
562,nalut,30.3333,10.85,6.08,39,0,4.18,LY,1674157314
563,vincennes,48.85,2.4333,2.65,92,100,2.57,FR,1674157314
564,bundaberg,-24.85,152.35,20.68,98,2,0.89,AU,1674157315
565,xiongzhou,25.1167,114.3,8.98,65,96,1.37,CN,1674157315
566,aspindza,41.5739,43.2483,2.83,68,8,2.67,GE,1674157315
567,colesberg,-30.72,25.0972,25.18,40,89,1.25,ZA,1674157316
568,meulaboh,4.1363,96.1285,23.78,84,88,1.52,ID,1674157316
569,akniste,56.1615,25.7478,0.07,91,100,1.78,LV,1674157316
570,eravur,7.7733,81.6095,25.02,62,100,4.44,LK,1674157317
571,shahr-e babak,30.1165,55.1186,1.41,78,4,1.48,IR,1674157317
